service_quality,customer_Satisfaction,customer_loyalty
1.0,0.9021773664364455,0.8909792804038807
0.9021773664364455,1.0,0.8976170506486942
0.8909792804038807,0.8976170506486942,1.0
